timestamp,prod_auc,candidate_auc,auc_floor,min_improvement,promote,production_auc,promoted
2025-11-27T02:36:17.805427,0.94,1.0,0.94,0.005,1.0,,
2025-11-27T02:38:24.519410,1.0,1.0,0.94,0.005,0.0,,
2025-11-27T04:16:35.513503,1.0,0.9999939517584694,0.7,0.01,0.0,,
2025-11-27T04:29:29.869016,1.0,0.0,0.94,0.005,0.0,,
2025-11-27T04:30:48.578439,1.0,0.9999939517584694,0.7,0.01,0.0,,
2025-11-27T05:26:04.215391,1.0,0.9999860134414608,0.7,0.01,0.0,,
2025-11-27T05:48:10.757320,1.0,0.9999860134414608,0.7,0.01,0.0,,
2025-11-27T10:21:01.865275,1.0,0.9999860134414608,0.7,0.01,0.0,,
2025-11-27T10:21:13.715797,1.0,0.0,0.94,0.005,0.0,,
2025-11-27T10:22:33.341994,1.0,0.9999860134414608,0.7,0.01,0.0,,
2025-11-27T10:25:30.938226,1.0,0.9999860134414608,0.7,0.01,0.0,,
2025-11-28 08:44:45.454152,,1.0,,,,,True
2025-11-28 08:50:11.221539,,1.0,,,,1.0,False
